Index,State,Filename,Size,Message,Source Checksum,Target Checksum,Created,Updated,Source Path,Target Path
1,OK,.git\,0,,,,12/27/2024 10:43:10 PM,12/27/2024 10:43:10 PM,D:\BE CSE\LSJ-PROJECTS\vita-link\.git\,D:\BE CSE\LSJ-PROJECTS\VitaLink2025\.git\
2,OK,.git\description,73,,5B73058C3C7607B7,,12/27/2024 10:43:10 PM,12/27/2024 10:43:10 PM,D:\BE CSE\LSJ-PROJECTS\vita-link\.git\description,D:\BE CSE\LSJ-PROJECTS\VitaLink2025\.git\description
3,OK,.git\hooks\,0,,,,12/27/2024 10:43:10 PM,12/27/2024 10:43:10 PM,D:\BE CSE\LSJ-PROJECTS\vita-link\.git\hooks\,D:\BE CSE\LSJ-PROJECTS\VitaLink2025\.git\hooks\
4,OK,.git\hooks\applypatch-msg.sample,478,,33E797D14C4E9415,,12/27/2024 10:43:10 PM,12/27/2024 10:43:10 PM,D:\BE CSE\LSJ-PROJECTS\vita-link\.git\hooks\applypatch-msg.sample,D:\BE CSE\LSJ-PROJECTS\VitaLink2025\.git\hooks\applypatch-msg.sample
5,OK,.git\hooks\commit-msg.sample,896,,A5924ADB28CB790C,,12/27/2024 10:43:10 PM,12/27/2024 10:43:10 PM,D:\BE CSE\LSJ-PROJECTS\vita-link\.git\hooks\commit-msg.sample,D:\BE CSE\LSJ-PROJECTS\VitaLink2025\.git\hooks\commit-msg.sample
6,OK,.git\hooks\fsmonitor-watchman.sample,4726,,4C997D73DFFBFD43,,12/27/2024 10:43:10 PM,12/27/2024 10:43:10 PM,D:\BE CSE\LSJ-PROJECTS\vita-link\.git\hooks\fsmonitor-watchman.sample,D:\BE CSE\LSJ-PROJECTS\VitaLink2025\.git\hooks\fsmonitor-watchman.sample
7,OK,.git\hooks\post-update.sample,189,,E4F8227BAD37DEC9,,12/27/2024 10:43:10 PM,12/27/2024 10:43:10 PM,D:\BE CSE\LSJ-PROJECTS\vita-link\.git\hooks\post-update.sample,D:\BE CSE\LSJ-PROJECTS\VitaLink2025\.git\hooks\post-update.sample
8,OK,.git\hooks\pre-applypatch.sample,424,,1623F85F987776EA,,12/27/2024 10:43:10 PM,12/27/2024 10:43:10 PM,D:\BE CSE\LSJ-PROJECTS\vita-link\.git\hooks\pre-applypatch.sample,D:\BE CSE\LSJ-PROJECTS\VitaLink2025\.git\hooks\pre-applypatch.sample
9,OK,.git\hooks\pre-commit.sample,1649,,28B042E6B7656D89,,12/27/2024 10:43:10 PM,12/27/2024 10:43:10 PM,D:\BE CSE\LSJ-PROJECTS\vita-link\.git\hooks\pre-commit.sample,D:\BE CSE\LSJ-PROJECTS\VitaLink2025\.git\hooks\pre-commit.sample
10,OK,.git\hooks\pre-merge-commit.sample,416,,4EFC633D8592DC41,,12/27/2024 10:43:10 PM,12/27/2024 10:43:10 PM,D:\BE CSE\LSJ-PROJECTS\vita-link\.git\hooks\pre-merge-commit.sample,D:\BE CSE\LSJ-PROJECTS\VitaLink2025\.git\hooks\pre-merge-commit.sample
11,OK,.git\hooks\pre-push.sample,1374,,32E18FC3BFFBEBF0,,12/27/2024 10:43:10 PM,12/27/2024 10:43:10 PM,D:\BE CSE\LSJ-PROJECTS\vita-link\.git\hooks\pre-push.sample,D:\BE CSE\LSJ-PROJECTS\VitaLink2025\.git\hooks\pre-push.sample
12,OK,.git\hooks\pre-rebase.sample,4898,,DB0EB0FF24BE8666,,12/27/2024 10:43:10 PM,12/27/2024 10:43:10 PM,D:\BE CSE\LSJ-PROJECTS\vita-link\.git\hooks\pre-rebase.sample,D:\BE CSE\LSJ-PROJECTS\VitaLink2025\.git\hooks\pre-rebase.sample
13,OK,.git\hooks\pre-receive.sample,544,,7CE465F47840E2B2,,12/27/2024 10:43:10 PM,12/27/2024 10:43:12 PM,D:\BE CSE\LSJ-PROJECTS\vita-link\.git\hooks\pre-receive.sample,D:\BE CSE\LSJ-PROJECTS\VitaLink2025\.git\hooks\pre-receive.sample
14,OK,.git\hooks\prepare-commit-msg.sample,1492,,37A51EF1F58E377E,,12/27/2024 10:43:12 PM,12/27/2024 10:43:12 PM,D:\BE CSE\LSJ-PROJECTS\vita-link\.git\hooks\prepare-commit-msg.sample,D:\BE CSE\LSJ-PROJECTS\VitaLink2025\.git\hooks\prepare-commit-msg.sample
15,OK,.git\hooks\push-to-checkout.sample,2783,,4816F6C79E329586,,12/27/2024 10:43:12 PM,12/27/2024 10:43:12 PM,D:\BE CSE\LSJ-PROJECTS\vita-link\.git\hooks\push-to-checkout.sample,D:\BE CSE\LSJ-PROJECTS\VitaLink2025\.git\hooks\push-to-checkout.sample
16,OK,.git\hooks\sendemail-validate.sample,2308,,6A4E1C05DBBFFF22,,12/27/2024 10:43:12 PM,12/27/2024 10:43:12 PM,D:\BE CSE\LSJ-PROJECTS\vita-link\.git\hooks\sendemail-validate.sample,D:\BE CSE\LSJ-PROJECTS\VitaLink2025\.git\hooks\sendemail-validate.sample
17,OK,.git\hooks\update.sample,3650,,CBF56087CCBC632A,,12/27/2024 10:43:12 PM,12/27/2024 10:43:12 PM,D:\BE CSE\LSJ-PROJECTS\vita-link\.git\hooks\update.sample,D:\BE CSE\LSJ-PROJECTS\VitaLink2025\.git\hooks\update.sample
18,OK,.git\info\,0,,,,12/27/2024 10:43:12 PM,12/27/2024 10:43:12 PM,D:\BE CSE\LSJ-PROJECTS\vita-link\.git\info\,D:\BE CSE\LSJ-PROJECTS\VitaLink2025\.git\info\
19,OK,.git\info\exclude,240,,1CEE91924A2F4EAC,,12/27/2024 10:43:12 PM,12/27/2024 10:43:12 PM,D:\BE CSE\LSJ-PROJECTS\vita-link\.git\info\exclude,D:\BE CSE\LSJ-PROJECTS\VitaLink2025\.git\info\exclude
20,OK,.git\refs\,0,,,,12/27/2024 10:43:12 PM,12/27/2024 10:43:12 PM,D:\BE CSE\LSJ-PROJECTS\vita-link\.git\refs\,D:\BE CSE\LSJ-PROJECTS\VitaLink2025\.git\refs\
21,OK,.git\refs\heads\,0,,,,12/27/2024 10:43:12 PM,12/27/2024 10:43:12 PM,D:\BE CSE\LSJ-PROJECTS\vita-link\.git\refs\heads\,D:\BE CSE\LSJ-PROJECTS\VitaLink2025\.git\refs\heads\
22,OK,.git\refs\heads\main,41,,E08F97540B2D204F,,12/27/2024 11:11:44 PM,12/27/2024 11:11:44 PM,D:\BE CSE\LSJ-PROJECTS\vita-link\.git\refs\heads\main,D:\BE CSE\LSJ-PROJECTS\VitaLink2025\.git\refs\heads\main
23,OK,.git\refs\tags\,0,,,,12/27/2024 10:43:12 PM,12/27/2024 10:43:12 PM,D:\BE CSE\LSJ-PROJECTS\vita-link\.git\refs\tags\,D:\BE CSE\LSJ-PROJECTS\VitaLink2025\.git\refs\tags\
24,OK,.git\refs\remotes\,0,,,,12/27/2024 10:44:14 PM,12/27/2024 10:44:14 PM,D:\BE CSE\LSJ-PROJECTS\vita-link\.git\refs\remotes\,D:\BE CSE\LSJ-PROJECTS\VitaLink2025\.git\refs\remotes\
25,OK,.git\refs\remotes\origin\,0,,,,12/27/2024 10:44:14 PM,12/27/2024 10:44:14 PM,D:\BE CSE\LSJ-PROJECTS\vita-link\.git\refs\remotes\origin\,D:\BE CSE\LSJ-PROJECTS\VitaLink2025\.git\refs\remotes\origin\
26,OK,.git\refs\remotes\origin\main,41,,E08F97540B2D204F,,12/27/2024 11:11:52 PM,12/27/2024 11:11:52 PM,D:\BE CSE\LSJ-PROJECTS\vita-link\.git\refs\remotes\origin\main,D:\BE CSE\LSJ-PROJECTS\VitaLink2025\.git\refs\remotes\origin\main
27,OK,.git\objects\,0,,,,12/27/2024 10:43:12 PM,12/27/2024 10:43:12 PM,D:\BE CSE\LSJ-PROJECTS\vita-link\.git\objects\,D:\BE CSE\LSJ-PROJECTS\VitaLink2025\.git\objects\
28,OK,.git\objects\pack\,0,,,,12/27/2024 10:43:12 PM,12/27/2024 10:43:12 PM,D:\BE CSE\LSJ-PROJECTS\vita-link\.git\objects\pack\,D:\BE CSE\LSJ-PROJECTS\VitaLink2025\.git\objects\pack\
29,OK,.git\objects\info\,0,,,,12/27/2024 10:43:12 PM,12/27/2024 10:43:12 PM,D:\BE CSE\LSJ-PROJECTS\vita-link\.git\objects\info\,D:\BE CSE\LSJ-PROJECTS\VitaLink2025\.git\objects\info\
30,OK,.git\objects\98\,0,,,,12/27/2024 10:43:44 PM,12/27/2024 10:43:44 PM,D:\BE CSE\LSJ-PROJECTS\vita-link\.git\objects\98\,D:\BE CSE\LSJ-PROJECTS\VitaLink2025\.git\objects\98\
31,OK,.git\objects\98\b797056165bf152e2377d808a2fac21c10db8c,1645,,D6796F7B85FD0B79,,12/27/2024 10:43:44 PM,12/27/2024 10:43:46 PM,D:\BE CSE\LSJ-PROJECTS\vita-link\.git\objects\98\b797056165bf152e2377d808a2fac21c10db8c,D:\BE CSE\LSJ-PROJECTS\VitaLink2025\.git\objects\98\b797056165bf152e2377d808a2fac21c10db8c
32,OK,.git\objects\2f\,0,,,,12/27/2024 10:43:44 PM,12/27/2024 10:43:44 PM,D:\BE CSE\LSJ-PROJECTS\vita-link\.git\objects\2f\,D:\BE CSE\LSJ-PROJECTS\VitaLink2025\.git\objects\2f\
33,OK,.git\objects\2f\894189b4e277880f1d13c5fda60e38de520eb7,1762,,D120CF4A69048E04,,12/27/2024 10:43:44 PM,12/27/2024 10:43:46 PM,D:\BE CSE\LSJ-PROJECTS\vita-link\.git\objects\2f\894189b4e277880f1d13c5fda60e38de520eb7,D:\BE CSE\LSJ-PROJECTS\VitaLink2025\.git\objects\2f\894189b4e277880f1d13c5fda60e38de520eb7
34,OK,.git\objects\bf\,0,,,,12/27/2024 10:43:44 PM,12/27/2024 10:43:44 PM,D:\BE CSE\LSJ-PROJECTS\vita-link\.git\objects\bf\,D:\BE CSE\LSJ-PROJECTS\VitaLink2025\.git\objects\bf\
35,OK,.git\objects\bf\4793cb6d4214390dc8b80e1202dc9651dd567d,272,,EF02F625B07F4E1E,,12/27/2024 10:43:44 PM,12/27/2024 10:43:46 PM,D:\BE CSE\LSJ-PROJECTS\vita-link\.git\objects\bf\4793cb6d4214390dc8b80e1202dc9651dd567d,D:\BE CSE\LSJ-PROJECTS\VitaLink2025\.git\objects\bf\4793cb6d4214390dc8b80e1202dc9651dd567d
36,OK,.git\objects\5d\,0,,,,12/27/2024 10:43:44 PM,12/27/2024 10:43:44 PM,D:\BE CSE\LSJ-PROJECTS\vita-link\.git\objects\5d\,D:\BE CSE\LSJ-PROJECTS\VitaLink2025\.git\objects\5d\
37,OK,.git\objects\5d\e5df5ea8fb03a1d4380ac74c9b99aaf5a779cc,204,,26392179718A4247,,12/27/2024 10:43:44 PM,12/27/2024 10:43:46 PM,D:\BE CSE\LSJ-PROJECTS\vita-link\.git\objects\5d\e5df5ea8fb03a1d4380ac74c9b99aaf5a779cc,D:\BE CSE\LSJ-PROJECTS\VitaLink2025\.git\objects\5d\e5df5ea8fb03a1d4380ac74c9b99aaf5a779cc
38,OK,.git\objects\25\,0,,,,12/27/2024 10:43:44 PM,12/27/2024 10:43:44 PM,D:\BE CSE\LSJ-PROJECTS\vita-link\.git\objects\25\,D:\BE CSE\LSJ-PROJECTS\VitaLink2025\.git\objects\25\
39,OK,.git\objects\25\b322de96d4cffbc308058f782018904686cd2c,236,,746F614C9469A311,,12/27/2024 10:43:44 PM,12/27/2024 10:43:46 PM,D:\BE CSE\LSJ-PROJECTS\vita-link\.git\objects\25\b322de96d4cffbc308058f782018904686cd2c,D:\BE CSE\LSJ-PROJECTS\VitaLink2025\.git\objects\25\b322de96d4cffbc308058f782018904686cd2c
40,OK,.git\objects\95\,0,,,,12/27/2024 10:43:44 PM,12/27/2024 10:43:44 PM,D:\BE CSE\LSJ-PROJECTS\vita-link\.git\objects\95\,D:\BE CSE\LSJ-PROJECTS\VitaLink2025\.git\objects\95\
41,OK,.git\objects\95\aae8b26e31f5929baad41e7de9feab32968f66,30770,,0E89FA5F01C482BD,,12/27/2024 10:43:44 PM,12/27/2024 10:43:46 PM,D:\BE CSE\LSJ-PROJECTS\vita-link\.git\objects\95\aae8b26e31f5929baad41e7de9feab32968f66,D:\BE CSE\LSJ-PROJECTS\VitaLink2025\.git\objects\95\aae8b26e31f5929baad41e7de9feab32968f66
42,OK,.git\objects\95\9d62eb1ad07b64f2e12374da166291eda64227,71,,C2C7B92D1E4CBB6F,,12/27/2024 10:43:46 PM,12/27/2024 10:43:46 PM,D:\BE CSE\LSJ-PROJECTS\vita-link\.git\objects\95\9d62eb1ad07b64f2e12374da166291eda64227,D:\BE CSE\LSJ-PROJECTS\VitaLink2025\.git\objects\95\9d62eb1ad07b64f2e12374da166291eda64227
43,OK,.git\objects\95\3067f69b351eb55e586898ed009082cb734f74,438,,6AA884BCB8DB0067,,12/27/2024 11:11:44 PM,12/27/2024 11:11:44 PM,D:\BE CSE\LSJ-PROJECTS\vita-link\.git\objects\95\3067f69b351eb55e586898ed009082cb734f74,D:\BE CSE\LSJ-PROJECTS\VitaLink2025\.git\objects\95\3067f69b351eb55e586898ed009082cb734f74
44,OK,.git\objects\0a\,0,,,,12/27/2024 10:43:44 PM,12/27/2024 10:43:44 PM,D:\BE CSE\LSJ-PROJECTS\vita-link\.git\objects\0a\,D:\BE CSE\LSJ-PROJECTS\VitaLink2025\.git\objects\0a\
45,OK,.git\objects\0a\e9b78c8665f1c3415426e519e25da18a210dbc,199010,,7DCD4AE2E4AA0C54,,12/27/2024 10:43:44 PM,12/27/2024 10:43:46 PM,D:\BE CSE\LSJ-PROJECTS\vita-link\.git\objects\0a\e9b78c8665f1c3415426e519e25da18a210dbc,D:\BE CSE\LSJ-PROJECTS\VitaLink2025\.git\objects\0a\e9b78c8665f1c3415426e519e25da18a210dbc
46,OK,.git\objects\37\,0,,,,12/27/2024 10:43:44 PM,12/27/2024 10:43:44 PM,D:\BE CSE\LSJ-PROJECTS\vita-link\.git\objects\37\,D:\BE CSE\LSJ-PROJECTS\VitaLink2025\.git\objects\37\
47,OK,.git\objects\37\445828b455e12f5624a71732dbcd696d0dddcd,95646,,F61DF10A999B732E,,12/27/2024 10:43:46 PM,12/27/2024 10:43:46 PM,D:\BE CSE\LSJ-PROJECTS\vita-link\.git\objects\37\445828b455e12f5624a71732dbcd696d0dddcd,D:\BE CSE\LSJ-PROJECTS\VitaLink2025\.git\objects\37\445828b455e12f5624a71732dbcd696d0dddcd
48,OK,.git\objects\ec\,0,,,,12/27/2024 10:43:46 PM,12/27/2024 10:43:46 PM,D:\BE CSE\LSJ-PROJECTS\vita-link\.git\objects\ec\,D:\BE CSE\LSJ-PROJECTS\VitaLink2025\.git\objects\ec\
49,OK,.git\objects\ec\040cf5860409ac5e332f797022ddc98fe8f841,51465,,61BB91B35C7190F1,,12/27/2024 10:43:46 PM,12/27/2024 10:43:46 PM,D:\BE CSE\LSJ-PROJECTS\vita-link\.git\objects\ec\040cf5860409ac5e332f797022ddc98fe8f841,D:\BE CSE\LSJ-PROJECTS\VitaLink2025\.git\objects\ec\040cf5860409ac5e332f797022ddc98fe8f841
50,OK,.git\objects\18\,0,,,,12/27/2024 10:43:46 PM,12/27/2024 10:43:46 PM,D:\BE CSE\LSJ-PROJECTS\vita-link\.git\objects\18\,D:\BE CSE\LSJ-PROJECTS\VitaLink2025\.git\objects\18\
51,OK,.git\objects\18\9c5f5134e0c6c134a3c0077fa8bd835d097670,927,,03EF663EE5FE4FCC,,12/27/2024 10:43:46 PM,12/27/2024 10:43:46 PM,D:\BE CSE\LSJ-PROJECTS\vita-link\.git\objects\18\9c5f5134e0c6c134a3c0077fa8bd835d097670,D:\BE CSE\LSJ-PROJECTS\VitaLink2025\.git\objects\18\9c5f5134e0c6c134a3c0077fa8bd835d097670
52,OK,.git\objects\d9\,0,,,,12/27/2024 10:43:46 PM,12/27/2024 10:43:46 PM,D:\BE CSE\LSJ-PROJECTS\vita-link\.git\objects\d9\,D:\BE CSE\LSJ-PROJECTS\VitaLink2025\.git\objects\d9\
53,OK,.git\objects\d9\09503675150c86dbe50fd344975fd6f33c7021,795,,2479608B8A468D40,,12/27/2024 10:43:46 PM,12/27/2024 10:43:46 PM,D:\BE CSE\LSJ-PROJECTS\vita-link\.git\objects\d9\09503675150c86dbe50fd344975fd6f33c7021,D:\BE CSE\LSJ-PROJECTS\VitaLink2025\.git\objects\d9\09503675150c86dbe50fd344975fd6f33c7021
54,OK,.git\objects\d5\,0,,,,12/27/2024 10:43:46 PM,12/27/2024 10:43:46 PM,D:\BE CSE\LSJ-PROJECTS\vita-link\.git\objects\d5\,D:\BE CSE\LSJ-PROJECTS\VitaLink2025\.git\objects\d5\
55,OK,.git\objects\d5\6b1707771a1e9e6bf04f9a887daf40d602e223,5434,,3BA3A70D9B2C214B,,12/27/2024 10:43:46 PM,12/27/2024 10:43:46 PM,D:\BE CSE\LSJ-PROJECTS\vita-link\.git\objects\d5\6b1707771a1e9e6bf04f9a887daf40d602e223,D:\BE CSE\LSJ-PROJECTS\VitaLink2025\.git\objects\d5\6b1707771a1e9e6bf04f9a887daf40d602e223
56,OK,.git\objects\da\,0,,,,12/27/2024 10:43:46 PM,12/27/2024 10:43:46 PM,D:\BE CSE\LSJ-PROJECTS\vita-link\.git\objects\da\,D:\BE CSE\LSJ-PROJECTS\VitaLink2025\.git\objects\da\
57,OK,.git\objects\da\662f5627189899af63232a2e5de73292acd207,5962,,CC0B40CD7C78C7F8,,12/27/2024 10:43:46 PM,12/27/2024 10:43:46 PM,D:\BE CSE\LSJ-PROJECTS\vita-link\.git\objects\da\662f5627189899af63232a2e5de73292acd207,D:\BE CSE\LSJ-PROJECTS\VitaLink2025\.git\objects\da\662f5627189899af63232a2e5de73292acd207
58,OK,.git\objects\6f\,0,,,,12/27/2024 10:43:46 PM,12/27/2024 10:43:46 PM,D:\BE CSE\LSJ-PROJECTS\vita-link\.git\objects\6f\,D:\BE CSE\LSJ-PROJECTS\VitaLink2025\.git\objects\6f\
59,OK,.git\objects\6f\9b64bf4451513a42dd784fb0d031f181a1f7d4,861247,,D1ABC86462ABBB74,,12/27/2024 10:43:46 PM,12/27/2024 10:43:46 PM,D:\BE CSE\LSJ-PROJECTS\vita-link\.git\objects\6f\9b64bf4451513a42dd784fb0d031f181a1f7d4,D:\BE CSE\LSJ-PROJECTS\VitaLink2025\.git\objects\6f\9b64bf4451513a42dd784fb0d031f181a1f7d4
60,OK,.git\objects\6f\dc321daa20c2783a32ea17580b8c056504dc4d,3970,,CC9B410E0C683CA7,,12/27/2024 10:43:50 PM,12/27/2024 10:43:52 PM,D:\BE CSE\LSJ-PROJECTS\vita-link\.git\objects\6f\dc321daa20c2783a32ea17580b8c056504dc4d,D:\BE CSE\LSJ-PROJECTS\VitaLink2025\.git\objects\6f\dc321daa20c2783a32ea17580b8c056504dc4d
61,OK,.git\objects\80\,0,,,,12/27/2024 10:43:46 PM,12/27/2024 10:43:46 PM,D:\BE CSE\LSJ-PROJECTS\vita-link\.git\objects\80\,D:\BE CSE\LSJ-PROJECTS\VitaLink2025\.git\objects\80\
62,OK,.git\objects\80\1311ae9b63ef61beff6bf473ea417d72507ec1,8629,,55F7633363E44D7B,,12/27/2024 10:43:46 PM,12/27/2024 10:43:46 PM,D:\BE CSE\LSJ-PROJECTS\vita-link\.git\objects\80\1311ae9b63ef61beff6bf473ea417d72507ec1,D:\BE CSE\LSJ-PROJECTS\VitaLink2025\.git\objects\80\1311ae9b63ef61beff6bf473ea417d72507ec1
63,OK,.git\objects\d6\,0,,,,12/27/2024 10:43:46 PM,12/27/2024 10:43:46 PM,D:\BE CSE\LSJ-PROJECTS\vita-link\.git\objects\d6\,D:\BE CSE\LSJ-PROJECTS\VitaLink2025\.git\objects\d6\
64,OK,.git\objects\d6\139a1950f037830735363148a8b90a35b438da,37313,,BD9006FB96DFC012,,12/27/2024 10:43:46 PM,12/27/2024 10:43:46 PM,D:\BE CSE\LSJ-PROJECTS\vita-link\.git\objects\d6\139a1950f037830735363148a8b90a35b438da,D:\BE CSE\LSJ-PROJECTS\VitaLink2025\.git\objects\d6\139a1950f037830735363148a8b90a35b438da
65,OK,.git\objects\de\,0,,,,12/27/2024 10:43:46 PM,12/27/2024 10:43:46 PM,D:\BE CSE\LSJ-PROJECTS\vita-link\.git\objects\de\,D:\BE CSE\LSJ-PROJECTS\VitaLink2025\.git\objects\de\
66,OK,.git\objects\de\cbb4f87cf9e128347169f742d99aa9aa575953,499034,,041D9DEDB5BC6C04,,12/27/2024 10:43:46 PM,12/27/2024 10:43:46 PM,D:\BE CSE\LSJ-PROJECTS\vita-link\.git\objects\de\cbb4f87cf9e128347169f742d99aa9aa575953,D:\BE CSE\LSJ-PROJECTS\VitaLink2025\.git\objects\de\cbb4f87cf9e128347169f742d99aa9aa575953
67,OK,.git\objects\06\,0,,,,12/27/2024 10:43:46 PM,12/27/2024 10:43:46 PM,D:\BE CSE\LSJ-PROJECTS\vita-link\.git\objects\06\,D:\BE CSE\LSJ-PROJECTS\VitaLink2025\.git\objects\06\
68,OK,.git\objects\06\404de3396777c3233bbc36dacd3f6417b85de8,1283,,AD306C7E4AACC9CE,,12/27/2024 10:43:46 PM,12/27/2024 10:43:46 PM,D:\BE CSE\LSJ-PROJECTS\vita-link\.git\objects\06\404de3396777c3233bbc36dacd3f6417b85de8,D:\BE CSE\LSJ-PROJECTS\VitaLink2025\.git\objects\06\404de3396777c3233bbc36dacd3f6417b85de8
69,OK,.git\objects\0c\,0,,,,12/27/2024 10:43:46 PM,12/27/2024 10:43:46 PM,D:\BE CSE\LSJ-PROJECTS\vita-link\.git\objects\0c\,D:\BE CSE\LSJ-PROJECTS\VitaLink2025\.git\objects\0c\
70,OK,.git\objects\0c\179aa77dbe466deef5c6fcf6cfd4efc19c122c,998,,A7E3BD0413F464CE,,12/27/2024 10:43:46 PM,12/27/2024 10:43:46 PM,D:\BE CSE\LSJ-PROJECTS\vita-link\.git\objects\0c\179aa77dbe466deef5c6fcf6cfd4efc19c122c,D:\BE CSE\LSJ-PROJECTS\VitaLink2025\.git\objects\0c\179aa77dbe466deef5c6fcf6cfd4efc19c122c
71,OK,.git\objects\dc\,0,,,,12/27/2024 10:43:46 PM,12/27/2024 10:43:46 PM,D:\BE CSE\LSJ-PROJECTS\vita-link\.git\objects\dc\,D:\BE CSE\LSJ-PROJECTS\VitaLink2025\.git\objects\dc\
72,OK,.git\objects\dc\e8124a0997180e369a4487e733587f263a61d9,34830,,67979C1FA5DB343E,,12/27/2024 10:43:46 PM,12/27/2024 10:43:46 PM,D:\BE CSE\LSJ-PROJECTS\vita-link\.git\objects\dc\e8124a0997180e369a4487e733587f263a61d9,D:\BE CSE\LSJ-PROJECTS\VitaLink2025\.git\objects\dc\e8124a0997180e369a4487e733587f263a61d9
73,OK,.git\objects\78\,0,,,,12/27/2024 10:43:46 PM,12/27/2024 10:43:46 PM,D:\BE CSE\LSJ-PROJECTS\vita-link\.git\objects\78\,D:\BE CSE\LSJ-PROJECTS\VitaLink2025\.git\objects\78\
74,OK,.git\objects\78\80f7e4f339b2d1413c44f13fdd35a29e11c183,278549,,69A2F31AC368F9EB,,12/27/2024 10:43:46 PM,12/27/2024 10:43:46 PM,D:\BE CSE\LSJ-PROJECTS\vita-link\.git\objects\78\80f7e4f339b2d1413c44f13fdd35a29e11c183,D:\BE CSE\LSJ-PROJECTS\VitaLink2025\.git\objects\78\80f7e4f339b2d1413c44f13fdd35a29e11c183
75,OK,.git\objects\78\aea5d41ffc1b6f75d455c8e97fa80e7c549472,3034,,CC8FC7B77EADBEBB,,12/27/2024 10:43:46 PM,12/27/2024 10:43:46 PM,D:\BE CSE\LSJ-PROJECTS\vita-link\.git\objects\78\aea5d41ffc1b6f75d455c8e97fa80e7c549472,D:\BE CSE\LSJ-PROJECTS\VitaLink2025\.git\objects\78\aea5d41ffc1b6f75d455c8e97fa80e7c549472
76,OK,.git\objects\0f\,0,,,,12/27/2024 10:43:46 PM,12/27/2024 10:43:46 PM,D:\BE CSE\LSJ-PROJECTS\vita-link\.git\objects\0f\,D:\BE CSE\LSJ-PROJECTS\VitaLink2025\.git\objects\0f\
77,OK,.git\objects\0f\77caa943617302b0bc5ab0fbed3a06eb8177fc,1172,,B59A40F657FABE51,,12/27/2024 10:43:46 PM,12/27/2024 10:43:46 PM,D:\BE CSE\LSJ-PROJECTS\vita-link\.git\objects\0f\77caa943617302b0bc5ab0fbed3a06eb8177fc,D:\BE CSE\LSJ-PROJECTS\VitaLink2025\.git\objects\0f\77caa943617302b0bc5ab0fbed3a06eb8177fc
78,OK,.git\objects\7d\,0,,,,12/27/2024 10:43:46 PM,12/27/2024 10:43:46 PM,D:\BE CSE\LSJ-PROJECTS\vita-link\.git\objects\7d\,D:\BE CSE\LSJ-PROJECTS\VitaLink2025\.git\objects\7d\
79,OK,.git\objects\7d\5b3bbbd937a68ee02d959df5893a1758f485ac,6099,,AEB3BC70DBEF929E,,12/27/2024 10:43:46 PM,12/27/2024 10:43:48 PM,D:\BE CSE\LSJ-PROJECTS\vita-link\.git\objects\7d\5b3bbbd937a68ee02d959df5893a1758f485ac,D:\BE CSE\LSJ-PROJECTS\VitaLink2025\.git\objects\7d\5b3bbbd937a68ee02d959df5893a1758f485ac
80,OK,.git\objects\33\,0,,,,12/27/2024 10:43:48 PM,12/27/2024 10:43:48 PM,D:\BE CSE\LSJ-PROJECTS\vita-link\.git\objects\33\,D:\BE CSE\LSJ-PROJECTS\VitaLink2025\.git\objects\33\
81,OK,.git\objects\33\d3820191fff4d1f56046f6067d89b385ee55a0,568,,8A7C5D18E6CFAAF1,,12/27/2024 10:43:48 PM,12/27/2024 10:43:48 PM,D:\BE CSE\LSJ-PROJECTS\vita-link\.git\objects\33\d3820191fff4d1f56046f6067d89b385ee55a0,D:\BE CSE\LSJ-PROJECTS\VitaLink2025\.git\objects\33\d3820191fff4d1f56046f6067d89b385ee55a0
82,OK,.git\objects\b4\,0,,,,12/27/2024 10:43:48 PM,12/27/2024 10:43:48 PM,D:\BE CSE\LSJ-PROJECTS\vita-link\.git\objects\b4\,D:\BE CSE\LSJ-PROJECTS\VitaLink2025\.git\objects\b4\
83,OK,.git\objects\b4\9f6d6c3c70f4f8348f14b252c77805ba58873a,565,,2A36A07B952FD4D5,,12/27/2024 10:43:48 PM,12/27/2024 10:43:48 PM,D:\BE CSE\LSJ-PROJECTS\vita-link\.git\objects\b4\9f6d6c3c70f4f8348f14b252c77805ba58873a,D:\BE CSE\LSJ-PROJECTS\VitaLink2025\.git\objects\b4\9f6d6c3c70f4f8348f14b252c77805ba58873a
84,OK,.git\objects\90\,0,,,,12/27/2024 10:43:48 PM,12/27/2024 10:43:48 PM,D:\BE CSE\LSJ-PROJECTS\vita-link\.git\objects\90\,D:\BE CSE\LSJ-PROJECTS\VitaLink2025\.git\objects\90\
85,OK,.git\objects\90\8a4ef4d6e728eaa823afcfdc3581209507dfb0,4827,,B4930720E5681841,,12/27/2024 10:43:48 PM,12/27/2024 10:43:48 PM,D:\BE CSE\LSJ-PROJECTS\vita-link\.git\objects\90\8a4ef4d6e728eaa823afcfdc3581209507dfb0,D:\BE CSE\LSJ-PROJECTS\VitaLink2025\.git\objects\90\8a4ef4d6e728eaa823afcfdc3581209507dfb0
86,OK,.git\objects\c3\,0,,,,12/27/2024 10:43:48 PM,12/27/2024 10:43:48 PM,D:\BE CSE\LSJ-PROJECTS\vita-link\.git\objects\c3\,D:\BE CSE\LSJ-PROJECTS\VitaLink2025\.git\objects\c3\
87,OK,.git\objects\c3\66815eab49607ff04c5c1ad6737cce6534fcae,164,,BC1047527E7DBC20,,12/27/2024 10:43:48 PM,12/27/2024 10:43:48 PM,D:\BE CSE\LSJ-PROJECTS\vita-link\.git\objects\c3\66815eab49607ff04c5c1ad6737cce6534fcae,D:\BE CSE\LSJ-PROJECTS\VitaLink2025\.git\objects\c3\66815eab49607ff04c5c1ad6737cce6534fcae
88,OK,.git\objects\e6\,0,,,,12/27/2024 10:43:48 PM,12/27/2024 10:43:48 PM,D:\BE CSE\LSJ-PROJECTS\vita-link\.git\objects\e6\,D:\BE CSE\LSJ-PROJECTS\VitaLink2025\.git\objects\e6\
89,OK,.git\objects\e6\9de29bb2d1d6434b8b29ae775ad8c2e48c5391,18,,F3C4E9C74F334984,,12/27/2024 10:43:48 PM,12/27/2024 10:43:48 PM,D:\BE CSE\LSJ-PROJECTS\vita-link\.git\objects\e6\9de29bb2d1d6434b8b29ae775ad8c2e48c5391,D:\BE CSE\LSJ-PROJECTS\VitaLink2025\.git\objects\e6\9de29bb2d1d6434b8b29ae775ad8c2e48c5391
90,OK,.git\objects\e6\c03c68a619adbdf787811f7afd28c2ad214c0e,3803,,36A933588AF4FE83,,12/27/2024 10:43:50 PM,12/27/2024 10:43:52 PM,D:\BE CSE\LSJ-PROJECTS\vita-link\.git\objects\e6\c03c68a619adbdf787811f7afd28c2ad214c0e,D:\BE CSE\LSJ-PROJECTS\VitaLink2025\.git\objects\e6\c03c68a619adbdf787811f7afd28c2ad214c0e
91,OK,.git\objects\fc\,0,,,,12/27/2024 10:43:48 PM,12/27/2024 10:43:48 PM,D:\BE CSE\LSJ-PROJECTS\vita-link\.git\objects\fc\,D:\BE CSE\LSJ-PROJECTS\VitaLink2025\.git\objects\fc\
92,OK,.git\objects\fc\37e28f128dac8d5f83b04bd3709f152054df51,1322,,2C4EA763B239BCF4,,12/27/2024 10:43:48 PM,12/27/2024 10:43:48 PM,D:\BE CSE\LSJ-PROJECTS\vita-link\.git\objects\fc\37e28f128dac8d5f83b04bd3709f152054df51,D:\BE CSE\LSJ-PROJECTS\VitaLink2025\.git\objects\fc\37e28f128dac8d5f83b04bd3709f152054df51
93,OK,.git\objects\cf\,0,,,,12/27/2024 10:43:48 PM,12/27/2024 10:43:48 PM,D:\BE CSE\LSJ-PROJECTS\vita-link\.git\objects\cf\,D:\BE CSE\LSJ-PROJECTS\VitaLink2025\.git\objects\cf\
94,OK,.git\objects\cf\e0e8c3609d038a148a75b1d250589c9945cdc7,2179,,B185A021492F1158,,12/27/2024 10:43:48 PM,12/27/2024 10:43:48 PM,D:\BE CSE\LSJ-PROJECTS\vita-link\.git\objects\cf\e0e8c3609d038a148a75b1d250589c9945cdc7,D:\BE CSE\LSJ-PROJECTS\VitaLink2025\.git\objects\cf\e0e8c3609d038a148a75b1d250589c9945cdc7
95,OK,.git\objects\85\,0,,,,12/27/2024 10:43:48 PM,12/27/2024 10:43:48 PM,D:\BE CSE\LSJ-PROJECTS\vita-link\.git\objects\85\,D:\BE CSE\LSJ-PROJECTS\VitaLink2025\.git\objects\85\
96,OK,.git\objects\85\946d9b5f7f3c128919aadd2ec945102f1a27c9,1623,,3287C6B2A95673ED,,12/27/2024 10:43:48 PM,12/27/2024 10:43:48 PM,D:\BE CSE\LSJ-PROJECTS\vita-link\.git\objects\85\946d9b5f7f3c128919aadd2ec945102f1a27c9,D:\BE CSE\LSJ-PROJECTS\VitaLink2025\.git\objects\85\946d9b5f7f3c128919aadd2ec945102f1a27c9
97,OK,.git\objects\84\,0,,,,12/27/2024 10:43:48 PM,12/27/2024 10:43:48 PM,D:\BE CSE\LSJ-PROJECTS\vita-link\.git\objects\84\,D:\BE CSE\LSJ-PROJECTS\VitaLink2025\.git\objects\84\
98,OK,.git\objects\84\51a7b5f8a2e1f6d2c0d766c09792be6ebfefbe,2170,,2C212244A303E8A6,,12/27/2024 10:43:48 PM,12/27/2024 10:43:48 PM,D:\BE CSE\LSJ-PROJECTS\vita-link\.git\objects\84\51a7b5f8a2e1f6d2c0d766c09792be6ebfefbe,D:\BE CSE\LSJ-PROJECTS\VitaLink2025\.git\objects\84\51a7b5f8a2e1f6d2c0d766c09792be6ebfefbe
99,OK,.git\objects\bc\,0,,,,12/27/2024 10:43:48 PM,12/27/2024 10:43:48 PM,D:\BE CSE\LSJ-PROJECTS\vita-link\.git\objects\bc\,D:\BE CSE\LSJ-PROJECTS\VitaLink2025\.git\objects\bc\
100,OK,.git\objects\bc\d0dd4ed396ce78f53505682033ec01804bde02,1551,,CE7D78AA4D90A15A,,12/27/2024 10:43:48 PM,12/27/2024 10:43:48 PM,D:\BE CSE\LSJ-PROJECTS\vita-link\.git\objects\bc\d0dd4ed396ce78f53505682033ec01804bde02,D:\BE CSE\LSJ-PROJECTS\VitaLink2025\.git\objects\bc\d0dd4ed396ce78f53505682033ec01804bde02
